"companyName","url",
"THE CORPORATION COMPANY","http://search.sunbiz.org//Inquiry/CorporationSearch/SearchResultDetail?inquirytype=EntityName&directionType=Initial&searchNameOrder=%200171090&aggregateId=domp-017109-d4aa226d-0dac-4819-a9a8-3fa740a27d81&searchTerm=*&listNameOrder=%200171090",
"L.L.C., INC.","http://search.sunbiz.org//Inquiry/CorporationSearch/SearchResultDetail?inquirytype=EntityName&directionType=Initial&searchNameOrder=%20K437111&aggregateId=domp-k43711-6df42ec6-66bd-43b4-808d-21bc3220a264&searchTerm=*&listNameOrder=%200171090",
"LP, LLC","http://search.sunbiz.org//Inquiry/CorporationSearch/SearchResultDetail?inquirytype=EntityName&directionType=Initial&searchNameOrder=%20L040000450010&aggregateId=flal-l04000045001-ea51a203-9d1f-4ae4-9d02-fda2a123381e&searchTerm=*&listNameOrder=%200171090"
"LC, LLC","http://search.sunbiz.org//Inquiry/CorporationSearch/SearchResultDetail?inquirytype=EntityName&directionType=ForwardList&searchNameOrder=%20L050000978690&aggregateId=flal-l05000097869-9c478698-0552-41f1-bc20-196cf8d358cc&searchTerm=*&listNameOrder=%20L050000756120",
"LTD LLC","http://search.sunbiz.org//Inquiry/CorporationSearch/SearchResultDetail?inquirytype=EntityName&directionType=ForwardList&searchNameOrder=%20L060000448270&aggregateId=flal-l06000044827-4abdc4cb-5006-44fe-b7cb-b1165ad47c9b&searchTerm=*&listNameOrder=%20L050000756120",
"LLP, LLC","http://search.sunbiz.org//Inquiry/CorporationSearch/SearchResultDetail?inquirytype=EntityName&directionType=ForwardList&searchNameOrder=%20L080000760890&aggregateId=flal-l08000076089-c23d6329-d630-4bda-872d-8617e4783f3d&searchTerm=*&listNameOrder=%20L050000756120",
"CORPORATION INCORPORATED, LLC","http://search.sunbiz.org//Inquiry/CorporationSearch/SearchResultDetail?inquirytype=EntityName&directionType=ForwardList&searchNameOrder=%20L140000609500&aggregateId=flal-l14000060950-7654a25e-4fde-48a1-b60b-c6ebffc88c65&searchTerm=*&listNameOrder=%20L050000756120"
"THE, INC","http://search.sunbiz.org//Inquiry/CorporationSearch/SearchResultDetail?inquirytype=EntityName&directionType=ForwardList&searchNameOrder=%20P120000212151&aggregateId=domp-p12000021215-f02aae24-4ac0-4c6e-af84-8f2c25493e58&searchTerm=*&listNameOrder=%20L990000043030",
"INC.","http://search.sunbiz.org//Inquiry/CorporationSearch/SearchResultDetail?inquirytype=EntityName&directionType=ForwardList&searchNameOrder=%20P160000790030&aggregateId=domp-p16000079003-bad3beef-0533-4465-944e-a086124d772c&searchTerm=*&listNameOrder=%20L990000043030"
"LP, LLC","http://search.sunbiz.org//Inquiry/CorporationSearch/SearchResultDetail?inquirytype=EntityName&directionType=ForwardList&searchNameOrder=%20W140000720270&aggregateId=reject-w14000072027-81462436-6baa-4b60-941d-a4c11f8f0cc8&searchTerm=*&listNameOrder=%20P970000875560",
"CORP LLC.","http://search.sunbiz.org//Inquiry/CorporationSearch/SearchResultDetail?inquirytype=EntityName&directionType=ForwardList&searchNameOrder=%20W150000276430&aggregateId=reject-w15000027643-99986740-26d6-4415-93ce-782dbc7e5e23&searchTerm=*&listNameOrder=%20P970000875560",
"0000 ACC BAILBONDS INC","http://search.sunbiz.org//Inquiry/CorporationSearch/SearchResultDetail?inquirytype=EntityName&directionType=ForwardList&searchNameOrder=0000ACCBAILBONDS%20P140000315940&aggregateId=domp-p14000031594-5cd78863-2fdb-4572-b834-c40af4a72d96&searchTerm=*&listNameOrder=%20P970000875560",
"0001, LLC","http://search.sunbiz.org//Inquiry/CorporationSearch/SearchResultDetail?inquirytype=EntityName&directionType=ForwardList&searchNameOrder=0001%20L110001287930&aggregateId=flal-l11000128793-1fe1278c-4471-4d5e-9793-fd4212238750&searchTerm=*&listNameOrder=%20P970000875560"
"#0001PREMIER FINGERPRINTING SERVICES, INCORPORATED","http://search.sunbiz.org//Inquiry/CorporationSearch/SearchResultDetail?inquirytype=EntityName&directionType=ForwardList&searchNameOrder=0001PREMIERFINGERPRINTINGSERVI%20P170000079090&aggregateId=domp-p17000007909-ae732d17-9c2e-4478-9f06-fdc943c4f70a&searchTerm=*&listNameOrder=0001LIVESCANSTUDIO%20P140000759600",
"0002, LLC","http://search.sunbiz.org//Inquiry/CorporationSearch/SearchResultDetail?inquirytype=EntityName&directionType=ForwardList&searchNameOrder=0002%20L110001288160&aggregateId=flal-l11000128816-b3cdc9c6-40d7-492e-816e-550fbdd60d9a&searchTerm=*&listNameOrder=0001LIVESCANSTUDIO%20P140000759600",
"0006, LLC","http://search.sunbiz.org//Inquiry/CorporationSearch/SearchResultDetail?inquirytype=EntityName&directionType=ForwardList&searchNameOrder=0006%20L130000585870&aggregateId=flal-l13000058587-24742860-5875-47cb-8ef2-31d3ca2efca7&searchTerm=*&listNameOrder=0001LIVESCANSTUDIO%20P140000759600",
"0007 INVESTMENTS, LLC","http://search.sunbiz.org//Inquiry/CorporationSearch/SearchResultDetail?inquirytype=EntityName&directionType=ForwardList&searchNameOrder=0007INVESTMENTS%20L030000115910&aggregateId=flal-l03000011591-e8df2bc3-8a09-4ce7-9f75-2e8edc97101b&searchTerm=*&listNameOrder=0001LIVESCANSTUDIO%20P140000759600",
"000AAA CRUISE LINE CONNECTION INC","http://search.sunbiz.org//Inquiry/CorporationSearch/SearchResultDetail?inquirytype=EntityName&directionType=ForwardList&searchNameOrder=000AAACRUISELINECONNECTION%20P160000202990&aggregateId=domp-p16000020299-6f433a0e-44bb-4e3b-97d9-7938b9dd41e5&searchTerm=*&listNameOrder=0001LIVESCANSTUDIO%20P140000759600",
"000 A COFFEY BAILBONDS INC","http://search.sunbiz.org//Inquiry/CorporationSearch/SearchResultDetail?inquirytype=EntityName&directionType=ForwardList&searchNameOrder=000ACOFFEYBAILBONDS%20P140000315850&aggregateId=domp-p14000031585-6a217b17-edd9-40a5-8aa8-67309fcfa961&searchTerm=*&listNameOrder=0001LIVESCANSTUDIO%20P140000759600",
"000 TUFF LUV BAIL BONDS, INC.","http://search.sunbiz.org//Inquiry/CorporationSearch/SearchResultDetail?inquirytype=EntityName&directionType=ForwardList&searchNameOrder=000TUFFLUVBAILBONDS%20P140000181220&aggregateId=domp-p14000018122-7b6d92c0-79dc-4328-b695-ab943fa029db&searchTerm=*&listNameOrder=0001LIVESCANSTUDIO%20P140000759600"
"001 ALICEA BAIL BONDS, INC.","http://search.sunbiz.org//Inquiry/CorporationSearch/SearchResultDetail?inquirytype=EntityName&directionType=ForwardList&searchNameOrder=001ALICEABAILBONDS%20P040000725950&aggregateId=domp-p04000072595-ef103fe1-2a52-4df8-9df0-d50f4958ae09&searchTerm=*&listNameOrder=001A1A%20P020000482561",
"0020 LOT 3, LLC","http://search.sunbiz.org//Inquiry/CorporationSearch/SearchResultDetail?inquirytype=EntityName&directionType=ForwardList&searchNameOrder=0020LOT3%20L070000702210&aggregateId=flal-l07000070221-a1900e45-e8d8-4584-8b36-9bdb0f67df3e&searchTerm=*&listNameOrder=001A1A%20P020000482561",
"0039HOLDING LLC","http://search.sunbiz.org//Inquiry/CorporationSearch/SearchResultDetail?inquirytype=EntityName&directionType=ForwardList&searchNameOrder=0039HOLDING%20L130000832520&aggregateId=flal-l13000083252-4e590fa9-62c2-4450-a134-5d894afae672&searchTerm=*&listNameOrder=001A1A%20P020000482561",
"004 INC.","http://search.sunbiz.org//Inquiry/CorporationSearch/SearchResultDetail?inquirytype=EntityName&directionType=ForwardList&searchNameOrder=004%20P040001334361&aggregateId=domp-p04000133436-c0320201-e534-4762-93c7-40321bad80dc&searchTerm=*&listNameOrder=001A1A%20P020000482561",
"004 INVESTMENTS, LLC","http://search.sunbiz.org//Inquiry/CorporationSearch/SearchResultDetail?inquirytype=EntityName&directionType=ForwardList&searchNameOrder=004INVESTMENTS%20L150001994930&aggregateId=flal-l15000199493-48c67125-0db7-4372-99d3-ffa379beea1b&searchTerm=*&listNameOrder=001A1A%20P020000482561",
"0063 SAXIFRAGE LLC","http://search.sunbiz.org//Inquiry/CorporationSearch/SearchResultDetail?inquirytype=EntityName&directionType=ForwardList&searchNameOrder=0063SAXIFRAGE%20L100000278260&aggregateId=flal-l10000027826-d1c7766d-bf8a-411d-bb20-58d88e305a7d&searchTerm=*&listNameOrder=001A1A%20P020000482561"
"0075 LLC","http://search.sunbiz.org//Inquiry/CorporationSearch/SearchResultDetail?inquirytype=EntityName&directionType=ForwardList&searchNameOrder=0075%20L140001736490&aggregateId=flal-l14000173649-813b9edc-74d4-422a-87ca-e654c2ac793f&searchTerm=*&listNameOrder=007%20L060001115750",
"007A INVESTMENTS, LLC","http://search.sunbiz.org//Inquiry/CorporationSearch/SearchResultDetail?inquirytype=EntityName&directionType=ForwardList&searchNameOrder=007AINVESTMENTS%20L090000914400&aggregateId=flal-l09000091440-3d18ad80-0209-4abe-9d8b-665911923e1d&searchTerm=*&listNameOrder=007%20L060001115750",
"007 AUTO PARTS LLC","http://search.sunbiz.org//Inquiry/CorporationSearch/SearchResultDetail?inquirytype=EntityName&directionType=ForwardList&searchNameOrder=007AUTOPARTS%20L150001065470&aggregateId=flal-l15000106547-109b2a33-4404-4065-860e-5513abc82971&searchTerm=*&listNameOrder=007%20L060001115750",
"007 AVIATION GROUP LLC.","http://search.sunbiz.org//Inquiry/CorporationSearch/SearchResultDetail?inquirytype=EntityName&directionType=ForwardList&searchNameOrder=007AVIATIONGROUP%20L160000596470&aggregateId=flal-l16000059647-1fd06f63-8496-439d-809d-530d6b073f30&searchTerm=*&listNameOrder=007%20L060001115750",
"007 BAIL BONDS & INVESTIGATIONS, LLC","http://search.sunbiz.org//Inquiry/CorporationSearch/SearchResultDetail?inquirytype=EntityName&directionType=ForwardList&searchNameOrder=007BAILBONDSINVESTIGATIONS%20L150001196390&aggregateId=flal-l15000119639-36ba3890-879b-4fc8-bd04-c8bf0d288ded&searchTerm=*&listNameOrder=007%20L060001115750"
"007 EXTERMINATORS, INC.","http://search.sunbiz.org//Inquiry/CorporationSearch/SearchResultDetail?inquirytype=EntityName&directionType=ForwardList&searchNameOrder=007EXTERMINATORS%206120760&aggregateId=domp-612076-bd59d2e2-ae2c-4828-92bb-93ecbba21932&searchTerm=*&listNameOrder=007EVENTPRODUCTION%20P100000460460",
"007 HOME INSPECTORS LLC","http://search.sunbiz.org//Inquiry/CorporationSearch/SearchResultDetail?inquirytype=EntityName&directionType=ForwardList&searchNameOrder=007HOMEINSPECTORS%20L150002129880&aggregateId=flal-l15000212988-681ac10b-c929-4c5d-a5de-c280c3f6b93b&searchTerm=*&listNameOrder=007EVENTPRODUCTION%20P100000460460",
"007 INVESTIGATIONS, LLC","http://search.sunbiz.org//Inquiry/CorporationSearch/SearchResultDetail?inquirytype=EntityName&directionType=ForwardList&searchNameOrder=007INVESTIGATIONS%20L160000683820&aggregateId=flal-l16000068382-75ed994d-1b51-43e9-9d2e-a24941903d2b&searchTerm=*&listNameOrder=007EVENTPRODUCTION%20P100000460460",
"007 INVESTMENTS, INC.","http://search.sunbiz.org//Inquiry/CorporationSearch/SearchResultDetail?inquirytype=EntityName&directionType=ForwardList&searchNameOrder=007INVESTMENTS%20V145600&aggregateId=domp-v14560-8eecacc2-b577-43a3-9e92-306b2253092a&searchTerm=*&listNameOrder=007EVENTPRODUCTION%20P100000460460",
"0 0 7 LOCK AND KEY","http://search.sunbiz.org//Inquiry/CorporationSearch/SearchResultDetail?inquirytype=EntityName&directionType=ForwardList&searchNameOrder=007LOCKKEY%20T030000000470&aggregateId=trade-t03000000047-558c9ec0-0c23-42ac-8ad4-f09c7da4389e&searchTerm=*&listNameOrder=007EVENTPRODUCTION%20P100000460460",
"007 MERCHANDISING, LLC","http://search.sunbiz.org//Inquiry/CorporationSearch/SearchResultDetail?inquirytype=EntityName&directionType=ForwardList&searchNameOrder=007MERCHANDISING%20W140000576580&aggregateId=reject-w14000057658-0dc5dd99-6408-4cbb-b6bc-733e0c62301e&searchTerm=*&listNameOrder=007EVENTPRODUCTION%20P100000460460",
".007 PERCENT LLC","http://search.sunbiz.org//Inquiry/CorporationSearch/SearchResultDetail?inquirytype=EntityName&directionType=ForwardList&searchNameOrder=007PERCENT%20L150000030751&aggregateId=flal-l15000003075-0c8d61e8-7bf0-4636-8fd0-2bd8145b9cac&searchTerm=*&listNameOrder=007EVENTPRODUCTION%20P100000460460"
"007 POOLS, INC.","http://search.sunbiz.org//Inquiry/CorporationSearch/SearchResultDetail?inquirytype=EntityName&directionType=ForwardList&searchNameOrder=007POOLS%20P990000502440&aggregateId=domp-p99000050244-f9c2f100-04bf-4693-b084-d2a43a1b3f3c&searchTerm=*&listNameOrder=007POOLS%20P990000502440",
"007 PRODUCTS & PROMOTIONS LLC","http://search.sunbiz.org//Inquiry/CorporationSearch/SearchResultDetail?inquirytype=EntityName&directionType=ForwardList&searchNameOrder=007PRODUCTSPROMOTIONS%20L160000735050&aggregateId=flal-l16000073505-a31112ef-bd37-4150-9198-0936a2f24b84&searchTerm=*&listNameOrder=007POOLS%20P990000502440",
"007 ROY Z BAIL BONDS L.L.C.","http://search.sunbiz.org//Inquiry/CorporationSearch/SearchResultDetail?inquirytype=EntityName&directionType=ForwardList&searchNameOrder=007ROYZBAILBONDS%20L160002285020&aggregateId=flal-l16000228502-9ef5e74f-caa7-4c75-b44e-966543db465d&searchTerm=*&listNameOrder=007POOLS%20P990000502440",
"007 SECURITY L.L.C","http://search.sunbiz.org//Inquiry/CorporationSearch/SearchResultDetail?inquirytype=EntityName&directionType=ForwardList&searchNameOrder=007SECURITY%20L140000106980&aggregateId=flal-l14000010698-2877e3a2-0137-4946-b829-585ce06e5f42&searchTerm=*&listNameOrder=007POOLS%20P990000502440",
"007 SMILES INC.","http://search.sunbiz.org//Inquiry/CorporationSearch/SearchResultDetail?inquirytype=EntityName&directionType=ForwardList&searchNameOrder=007SMILES%20P100000765060&aggregateId=domp-p10000076506-acd984c0-3acf-402a-84c6-0e1a4693de64&searchTerm=*&listNameOrder=007POOLS%20P990000502440",
"@007 TAMPA LIVESCAM FINGERPRINT CORP","http://search.sunbiz.org//Inquiry/CorporationSearch/SearchResultDetail?inquirytype=EntityName&directionType=ForwardList&searchNameOrder=007TAMPALIVESCAMFINGERPRINT%20P160000881320&aggregateId=domp-p16000088132-e3e5974c-f340-4e7d-b0b2-f16e5f98c4c3&searchTerm=*&listNameOrder=007POOLS%20P990000502440"
"007 TRUCKING CORP.","http://search.sunbiz.org//Inquiry/CorporationSearch/SearchResultDetail?inquirytype=EntityName&directionType=ForwardList&searchNameOrder=007TRUCKING%20P060000694270&aggregateId=domp-p06000069427-42896f7c-e80b-43e4-92fc-7ba0cb33cfdd&searchTerm=*&listNameOrder=007TRUCKING%20K353840",
"007 WATERSPORTS, INC.","http://search.sunbiz.org//Inquiry/CorporationSearch/SearchResultDetail?inquirytype=EntityName&directionType=ForwardList&searchNameOrder=007WATERSPORTS%20P150000978410&aggregateId=domp-p15000097841-d8dd88f0-a13c-4411-9c77-7596edf7ad16&searchTerm=*&listNameOrder=007TRUCKING%20K353840",
"0080 LOT 1, LLC","http://search.sunbiz.org//Inquiry/CorporationSearch/SearchResultDetail?inquirytype=EntityName&directionType=ForwardList&searchNameOrder=0080LOT1%20L070000700150&aggregateId=flal-l07000070015-19089b05-bdf8-4a4c-b180-bbfd4d7e2397&searchTerm=*&listNameOrder=007TRUCKING%20K353840",
"008 DEVELOPERS, INC.","http://search.sunbiz.org//Inquiry/CorporationSearch/SearchResultDetail?inquirytype=EntityName&directionType=ForwardList&searchNameOrder=008DEVELOPERS%20L153580&aggregateId=domp-l15358-f28ea713-f69d-4442-b0d9-fec927462673&searchTerm=*&listNameOrder=007TRUCKING%20K353840",
"0090 LOT 2, LLC","http://search.sunbiz.org//Inquiry/CorporationSearch/SearchResultDetail?inquirytype=EntityName&directionType=ForwardList&searchNameOrder=0090LOT2%20L070000700240&aggregateId=flal-l07000070024-0561a884-f1e4-4de5-90e4-6b3eef68001f&searchTerm=*&listNameOrder=007TRUCKING%20K353840",
"0-0 A2Z EVERSHINE TRANSPORT INC.","http://search.sunbiz.org//Inquiry/CorporationSearch/SearchResultDetail?inquirytype=EntityName&directionType=ForwardList&searchNameOrder=00A2ZEVERSHINETRANSPORT%20P160000913810&aggregateId=domp-p16000091381-98a92807-54cf-499d-80ab-585420af8d27&searchTerm=*&listNameOrder=007TRUCKING%20K353840"
"00 CUSTOM RADIO INC 00","http://search.sunbiz.org//Inquiry/CorporationSearch/SearchResultDetail?inquirytype=EntityName&directionType=ForwardList&searchNameOrder=00CUSTOMRADIO00%20P170000097210&aggregateId=domp-p17000009721-d967e448-3cfc-4284-8692-8df43680d7db&searchTerm=*&listNameOrder=00CUSTOMRADIO00%20P170000097210",
"00L ENTERPRISES LLC","http://search.sunbiz.org//Inquiry/CorporationSearch/SearchResultDetail?inquirytype=EntityName&directionType=ForwardList&searchNameOrder=00LENTERPRISES%20L160002040200&aggregateId=flal-l16000204020-b6621676-2c19-45cf-a53b-82d6e0e2ab6f&searchTerm=*&listNameOrder=00CUSTOMRADIO00%20P170000097210",
"0 & 0 LOCKSMITHS","http://search.sunbiz.org//Inquiry/CorporationSearch/SearchResultDetail?inquirytype=EntityName&directionType=ForwardList&searchNameOrder=00LOCKSMITHS%20T040000000660&aggregateId=trade-t04000000066-a9703117-f6c9-4e51-92ea-0e15e89539c1&searchTerm=*&listNameOrder=00CUSTOMRADIO00%20P170000097210",
"00Z LLC","http://search.sunbiz.org//Inquiry/CorporationSearch/SearchResultDetail?inquirytype=EntityName&directionType=ForwardList&searchNameOrder=00Z%20L140001778800&aggregateId=flal-l14000177880-79db8a60-2806-47d8-8bcd-97511a70b235&searchTerm=*&listNameOrder=00CUSTOMRADIO00%20P170000097210",
"01000111 CAPITAL, LLC","http://search.sunbiz.org//Inquiry/CorporationSearch/SearchResultDetail?inquirytype=EntityName&directionType=ForwardList&searchNameOrder=01000111CAPITAL%20L170000168800&aggregateId=flal-l17000016880-0a45c56f-518e-43bc-b0a8-95e31a82d1eb&searchTerm=*&listNameOrder=00CUSTOMRADIO00%20P170000097210",
"01001010 BIOMETRICS INC.","http://search.sunbiz.org//Inquiry/CorporationSearch/SearchResultDetail?inquirytype=EntityName&directionType=ForwardList&searchNameOrder=01001010BIOMETRICS%20P120000819021&aggregateId=domp-p12000081902-65667996-c2dc-4df7-ae1b-5c217d66414d&searchTerm=*&listNameOrder=00CUSTOMRADIO00%20P170000097210",
"01012002, INC.","http://search.sunbiz.org//Inquiry/CorporationSearch/SearchResultDetail?inquirytype=EntityName&directionType=ForwardList&searchNameOrder=01012002%20P010000914851&aggregateId=domp-p01000091485-110f6407-c7c3-4c14-9439-4dd7987d0bae&searchTerm=*&listNameOrder=00CUSTOMRADIO00%20P170000097210",
"0101 MIAMI, LLC","http://search.sunbiz.org//Inquiry/CorporationSearch/SearchResultDetail?inquirytype=EntityName&directionType=ForwardList&searchNameOrder=0101MIAMI%20M160000008020&aggregateId=forl-m16000000802-ec655197-6ffe-4096-b171-b4fd4c0b9ead&searchTerm=*&listNameOrder=00CUSTOMRADIO00%20P170000097210",
"0101 MIAMI PROPERTIES, LLC","http://search.sunbiz.org//Inquiry/CorporationSearch/SearchResultDetail?inquirytype=EntityName&directionType=ForwardList&searchNameOrder=0101MIAMIPROPERTIES%20M160000023870&aggregateId=forl-m16000002387-77779f11-baf5-4bb4-9a6d-5b8e5f1f045f&searchTerm=*&listNameOrder=00CUSTOMRADIO00%20P170000097210"
"0107, LLC","http://search.sunbiz.org//Inquiry/CorporationSearch/SearchResultDetail?inquirytype=EntityName&directionType=ForwardList&searchNameOrder=0107%20L160000327730&aggregateId=flal-l16000032773-01a9b01f-c432-4f4b-a0d4-b3ddf756ad00&searchTerm=*&listNameOrder=0107%20L160000327730",
"010812 INVESTMENTS, INC.","http://search.sunbiz.org//Inquiry/CorporationSearch/SearchResultDetail?inquirytype=EntityName&directionType=ForwardList&searchNameOrder=010812INVESTMENTS%20P150000698050&aggregateId=domp-p15000069805-c26a0ced-6fba-4816-8d06-8ea781b37b1e&searchTerm=*&listNameOrder=0107%20L160000327730",
"0111, L.L.C.","http://search.sunbiz.org//Inquiry/CorporationSearch/SearchResultDetail?inquirytype=EntityName&directionType=ForwardList&searchNameOrder=0111%20L040000808500&aggregateId=flal-l04000080850-3c47ba35-2ec7-4c95-a52a-785edfd64d44&searchTerm=*&listNameOrder=0107%20L160000327730",
"01134, LLC","http://search.sunbiz.org//Inquiry/CorporationSearch/SearchResultDetail?inquirytype=EntityName&directionType=ForwardList&searchNameOrder=01134%20L160001733140&aggregateId=flal-l16000173314-171d9261-7335-4a80-88c4-701c91c119ee&searchTerm=*&listNameOrder=0107%20L160000327730",
"011 - CONEXION CORP.","http://search.sunbiz.org//Inquiry/CorporationSearch/SearchResultDetail?inquirytype=EntityName&directionType=ForwardList&searchNameOrder=011CONEXION%20P080000153230&aggregateId=domp-p08000015323-30dd59bf-0843-45e3-9a3a-f808d43536b6&searchTerm=*&listNameOrder=0107%20L160000327730",
"01-22-28, LLC","http://search.sunbiz.org//Inquiry/CorporationSearch/SearchResultDetail?inquirytype=EntityName&directionType=ForwardList&searchNameOrder=012228%20L120000723981&aggregateId=flal-l12000072398-b3b4ec88-c4b4-409a-87d4-3d40e7bc5642&searchTerm=*&listNameOrder=0107%20L160000327730",
"# 01 & 24 HOURS LA RAZA BAIL BONDS, INC","http://search.sunbiz.org//Inquiry/CorporationSearch/SearchResultDetail?inquirytype=EntityName&directionType=ForwardList&searchNameOrder=0124HOURSLARAZABAILBONDS%20P100000728860&aggregateId=domp-p10000072886-aa7995ed-5d55-48b0-9831-d58b8951375d&searchTerm=*&listNameOrder=0107%20L160000327730",
"012 GLOBAL INC.","http://search.sunbiz.org//Inquiry/CorporationSearch/SearchResultDetail?inquirytype=EntityName&directionType=ForwardList&searchNameOrder=012GLOBAL%20F090000019450&aggregateId=forp-f09000001945-b261f586-4fd3-4793-b927-13a7d1a0ae20&searchTerm=*&listNameOrder=0107%20L160000327730"
"014 GROUP LLC","http://search.sunbiz.org//Inquiry/CorporationSearch/SearchResultDetail?inquirytype=EntityName&directionType=ForwardList&searchNameOrder=014GROUP%20L120001479350&aggregateId=flal-l12000147935-60e00660-4a0b-4ed8-8bdb-5d9c2c0ea37c&searchTerm=*&listNameOrder=014GROUP%20L120001479350",
"0-18, LLC","http://search.sunbiz.org//Inquiry/CorporationSearch/SearchResultDetail?inquirytype=EntityName&directionType=ForwardList&searchNameOrder=018%20L080000953340&aggregateId=flal-l08000095334-b7bafb89-af52-4dcb-bb5a-d96701fe636b&searchTerm=*&listNameOrder=014GROUP%20L120001479350",
"0-19, LLC","http://search.sunbiz.org//Inquiry/CorporationSearch/SearchResultDetail?inquirytype=EntityName&directionType=ForwardList&searchNameOrder=019%20L140000349550&aggregateId=flal-l14000034955-79cbb858-2109-40a4-885b-a248aa7af4c9&searchTerm=*&listNameOrder=014GROUP%20L120001479350",
"01- AWASH MEDICAL TRANSPORT LLC","http://search.sunbiz.org//Inquiry/CorporationSearch/SearchResultDetail?inquirytype=EntityName&directionType=ForwardList&searchNameOrder=01AWASHMEDICALTRANSPORT%20L150001643600&aggregateId=flal-l15000164360-1a0e64ab-b0ec-41fe-a94c-e4e65ea71f18&searchTerm=*&listNameOrder=014GROUP%20L120001479350",
"01 BW HOLLYWOOD, LLC","http://search.sunbiz.org//Inquiry/CorporationSearch/SearchResultDetail?inquirytype=EntityName&directionType=ForwardList&searchNameOrder=01BWHOLLYWOOD%20L130000040171&aggregateId=flal-l13000004017-fdc82b37-888d-47e3-9425-aa086dffd4e7&searchTerm=*&listNameOrder=014GROUP%20L120001479350",
"01 COMICS INC.","http://search.sunbiz.org//Inquiry/CorporationSearch/SearchResultDetail?inquirytype=EntityName&directionType=ForwardList&searchNameOrder=01COMICS%20P020001283380&aggregateId=domp-p02000128338-f9590224-9a0f-492e-a9a6-546e0abcdea0&searchTerm=*&listNameOrder=014GROUP%20L120001479350",
"01 DEMP STREET, LLC","http://search.sunbiz.org//Inquiry/CorporationSearch/SearchResultDetail?inquirytype=EntityName&directionType=ForwardList&searchNameOrder=01DEMPSTREET%20L070000778140&aggregateId=flal-l07000077814-90d5f640-ceb2-44fc-975d-bcbf729bd7e2&searchTerm=*&listNameOrder=014GROUP%20L120001479350"
"01 DISCOUNTER CARIBBEAN LLC","http://search.sunbiz.org//Inquiry/CorporationSearch/SearchResultDetail?inquirytype=EntityName&directionType=ForwardList&searchNameOrder=01DISCOUNTERCARIBBEAN%20L090000900330&aggregateId=flal-l09000090033-383c9edd-fe10-4cf9-896a-55e3c35516c4&searchTerm=*&listNameOrder=01DESIGNSYSTEMS%20P040000251720",
"01 EDEN, INC.","http://search.sunbiz.org//Inquiry/CorporationSearch/SearchResultDetail?inquirytype=EntityName&directionType=ForwardList&searchNameOrder=01EDEN%20F110000045240&aggregateId=forp-f11000004524-4e0c6eb7-5a14-4b39-87df-d45b59da9723&searchTerm=*&listNameOrder=01DESIGNSYSTEMS%20P040000251720",
"01 HARD CARD FINGERPRINT LLC","http://search.sunbiz.org//Inquiry/CorporationSearch/SearchResultDetail?inquirytype=EntityName&directionType=ForwardList&searchNameOrder=01HARDCARDFINGERPRINT%20L150001816670&aggregateId=flal-l15000181667-d1f2791b-f423-42b8-9f6f-28721e4fc016&searchTerm=*&listNameOrder=01DESIGNSYSTEMS%20P040000251720",
"!01 MIAMI FINGERPRINTING, LLC","http://search.sunbiz.org//Inquiry/CorporationSearch/SearchResultDetail?inquirytype=EntityName&directionType=ForwardList&searchNameOrder=01MIAMIFINGERPRINTING%20L160000322870&aggregateId=flal-l16000032287-08e93ee3-55cc-4bcf-9178-475762fa4bee&searchTerm=*&listNameOrder=01DESIGNSYSTEMS%20P040000251720",
"01PROGRAMS, INC.","http://search.sunbiz.org//Inquiry/CorporationSearch/SearchResultDetail?inquirytype=EntityName&directionType=ForwardList&searchNameOrder=01PROGRAMS%20P160000494690&aggregateId=domp-p16000049469-965a1350-7cd0-4268-9cfb-c5bb6f668246&searchTerm=*&listNameOrder=01DESIGNSYSTEMS%20P040000251720",
"01 PROS LLC","http://search.sunbiz.org//Inquiry/CorporationSearch/SearchResultDetail?inquirytype=EntityName&directionType=ForwardList&searchNameOrder=01PROS%20L140001463690&aggregateId=flal-l14000146369-6b820da3-6b61-4738-be8d-53d459b64bb4&searchTerm=*&listNameOrder=01DESIGNSYSTEMS%20P040000251720",
"01 REVOLUTIONS, LLC","http://search.sunbiz.org//Inquiry/CorporationSearch/SearchResultDetail?inquirytype=EntityName&directionType=ForwardList&searchNameOrder=01REVOLUTIONS%20L100001208510&aggregateId=flal-l10000120851-23d013a9-20c3-41a0-9576-5af2dd20fc19&searchTerm=*&listNameOrder=01DESIGNSYSTEMS%20P040000251720",
"01 THOMAS, L.L.C.","http://search.sunbiz.org//Inquiry/CorporationSearch/SearchResultDetail?inquirytype=EntityName&directionType=ForwardList&searchNameOrder=01THOMAS%20L090000525260&aggregateId=flal-l09000052526-59d0549c-50fe-4787-8443-e256135f43ea&searchTerm=*&listNameOrder=01DESIGNSYSTEMS%20P040000251720"
"02 LLC","http://search.sunbiz.org//Inquiry/CorporationSearch/SearchResultDetail?inquirytype=EntityName&directionType=ForwardList&searchNameOrder=02%20L100000231750&aggregateId=flal-l10000023175-44db83e9-6132-4bbe-91cb-3fd8fa96db2a&searchTerm=*&listNameOrder=01VICTOR%20L060000216320",
"0-20, LLC","http://search.sunbiz.org//Inquiry/CorporationSearch/SearchResultDetail?inquirytype=EntityName&directionType=ForwardList&searchNameOrder=020%20L150001108400&aggregateId=flal-l15000110840-c8485987-4ac5-48bb-9dfa-2574a8e8e809&searchTerm=*&listNameOrder=01VICTOR%20L060000216320",
"0205 GLOBAL CORP","http://search.sunbiz.org//Inquiry/CorporationSearch/SearchResultDetail?inquirytype=EntityName&directionType=ForwardList&searchNameOrder=0205GLOBAL%20P130000600480&aggregateId=domp-p13000060048-7a9c87a3-14e5-4d57-888a-45ea369af141&searchTerm=*&listNameOrder=01VICTOR%20L060000216320",
"02/20/15 LLC","http://search.sunbiz.org//Inquiry/CorporationSearch/SearchResultDetail?inquirytype=EntityName&directionType=ForwardList&searchNameOrder=022015%20L150000337350&aggregateId=flal-l15000033735-24974d73-6b17-4f64-8b80-e5542255c460&searchTerm=*&listNameOrder=01VICTOR%20L060000216320",
"0291 BUILDING L.C.","http://search.sunbiz.org//Inquiry/CorporationSearch/SearchResultDetail?inquirytype=EntityName&directionType=ForwardList&searchNameOrder=0291BUILDING%20L000000129100&aggregateId=flal-l00000012910-7829bd33-f627-4b2d-8b91-36391cfb9bb1&searchTerm=*&listNameOrder=01VICTOR%20L060000216320",
"02 BREATHE, LLC","http://search.sunbiz.org//Inquiry/CorporationSearch/SearchResultDetail?inquirytype=EntityName&directionType=ForwardList&searchNameOrder=02BREATHE%20L110000359000&aggregateId=flal-l11000035900-4c738ecc-3595-488f-b7c0-7fe623f96056&searchTerm=*&listNameOrder=01VICTOR%20L060000216320"
"02H DEVELOPMENT, LLC","http://search.sunbiz.org//Inquiry/CorporationSearch/SearchResultDetail?inquirytype=EntityName&directionType=ForwardList&searchNameOrder=02HDEVELOPMENT%20L080000364390&aggregateId=flal-l08000036439-6fe52985-3cfd-48c5-bf4e-d41fa3988f00&searchTerm=*&listNameOrder=02DIAGNOSTIC%20P020000277040",
"02 MEDIA, INC.","http://search.sunbiz.org//Inquiry/CorporationSearch/SearchResultDetail?inquirytype=EntityName&directionType=ForwardList&searchNameOrder=02MEDIA%20P110000094640&aggregateId=domp-p11000009464-fa352025-dc98-4edc-bbb2-9441585765e2&searchTerm=*&listNameOrder=02DIAGNOSTIC%20P020000277040"